change	from_file	imported_module	category	kind
added	src/hey_my_buddy/blackboard/service/live_registry.py	hey_my_buddy.buddy.harnesses.live	blackboard->buddy	import
added	src/hey_my_buddy/blackboard/service/service.py	hey_my_buddy.buddy.harnesses.c_two_live	blackboard->buddy	import
added	src/hey_my_buddy/blackboard/tasks/inquiry.py	hey_my_buddy.buddy.harnesses.live	blackboard->buddy	import
added	src/hey_my_buddy/blackboard/tasks/inquiry.py	hey_my_buddy.buddy.harnesses.registry	blackboard->buddy	import
added	src/hey_my_buddy/blackboard/tasks/workflow.py	hey_my_buddy.buddy.roles.turn_io	blackboard->buddy	import
added	src/hey_my_buddy/blackboard/tasks/workflow.py	hey_my_buddy.buddy.roles.turn_io	blackboard->buddy	import
removed	src/hey_my_buddy/blackboard/tasks/workflow.py	hey_my_buddy.buddy.harnesses.codex.protocol	blackboard->buddy	import
removed	src/hey_my_buddy/blackboard/tasks/workflow.py	hey_my_buddy.buddy.harnesses.codex.protocol	blackboard->buddy	import
removed	src/hey_my_buddy/buddy/harnesses/codex/adapter.py	hey_my_buddy.blackboard.catalog.accounts	buddy->blackboard	import
removed	src/hey_my_buddy/protocol/activity.py	hey_my_buddy.blackboard.store.db	protocol->blackboard	import
