kind	path	outcome	evidence
owned-inquiry-directory	/tmp/hey-my-buddy-inquiry/attempt-buddy-zcode-test-0gmm2tpc-1	removed	创建时台账 + cleanup-owned-roots.jsonl；按确切目录删除并确认不存在
owned-inquiry-directory	/tmp/hey-my-buddy-inquiry/attempt-buddy-zcode-test-10yj19ax-1	removed	创建时台账 + cleanup-owned-roots.jsonl；按确切目录删除并确认不存在
owned-inquiry-directory	/tmp/hey-my-buddy-inquiry/attempt-buddy-zcode-test-1ke_1r5e-1	removed	创建时台账 + cleanup-owned-roots.jsonl；按确切目录删除并确认不存在
owned-inquiry-directory	/tmp/hey-my-buddy-inquiry/attempt-buddy-zcode-test-4yyfsr8x-1	removed	创建时台账 + cleanup-owned-roots.jsonl；按确切目录删除并确认不存在
owned-inquiry-directory	/tmp/hey-my-buddy-inquiry/attempt-buddy-zcode-test-5okz_uu1-1	removed	创建时台账 + cleanup-owned-roots.jsonl；按确切目录删除并确认不存在
owned-inquiry-directory	/tmp/hey-my-buddy-inquiry/attempt-buddy-zcode-test-a_8vwnub-1	removed	创建时台账 + cleanup-owned-roots.jsonl；按确切目录删除并确认不存在
owned-inquiry-directory	/tmp/hey-my-buddy-inquiry/attempt-buddy-zcode-test-azp6r1hs-1	removed	创建时台账 + cleanup-owned-roots.jsonl；按确切目录删除并确认不存在
owned-inquiry-directory	/tmp/hey-my-buddy-inquiry/attempt-buddy-zcode-test-bg1t9ua4-1	removed	创建时台账 + cleanup-owned-roots.jsonl；按确切目录删除并确认不存在
owned-inquiry-directory	/tmp/hey-my-buddy-inquiry/attempt-buddy-zcode-test-c6bftgq2-1	removed	创建时台账 + cleanup-owned-roots.jsonl；按确切目录删除并确认不存在
owned-inquiry-directory	/tmp/hey-my-buddy-inquiry/attempt-buddy-zcode-test-dscslboz-1	removed	创建时台账 + cleanup-owned-roots.jsonl；按确切目录删除并确认不存在
owned-inquiry-directory	/tmp/hey-my-buddy-inquiry/attempt-buddy-zcode-test-f46wj50_-1	removed	创建时台账 + cleanup-owned-roots.jsonl；按确切目录删除并确认不存在
owned-inquiry-directory	/tmp/hey-my-buddy-inquiry/attempt-buddy-zcode-test-ibo9ngsk-1	removed	创建时台账 + cleanup-owned-roots.jsonl；按确切目录删除并确认不存在
owned-inquiry-directory	/tmp/hey-my-buddy-inquiry/attempt-buddy-zcode-test-ijz76th6-1	removed	创建时台账 + cleanup-owned-roots.jsonl；按确切目录删除并确认不存在
owned-inquiry-directory	/tmp/hey-my-buddy-inquiry/attempt-buddy-zcode-test-k08d7ek3-1	removed	创建时台账 + cleanup-owned-roots.jsonl；按确切目录删除并确认不存在
owned-inquiry-directory	/tmp/hey-my-buddy-inquiry/attempt-buddy-zcode-test-nouyu07k-1	removed	创建时台账 + cleanup-owned-roots.jsonl；按确切目录删除并确认不存在
owned-inquiry-directory	/tmp/hey-my-buddy-inquiry/attempt-buddy-zcode-test-pw3lo0lc-1	removed	创建时台账 + cleanup-owned-roots.jsonl；按确切目录删除并确认不存在
owned-inquiry-directory	/tmp/hey-my-buddy-inquiry/attempt-buddy-zcode-test-r3rhjwkp-1	removed	创建时台账 + cleanup-owned-roots.jsonl；按确切目录删除并确认不存在
owned-inquiry-directory	/tmp/hey-my-buddy-inquiry/attempt-buddy-zcode-test-u84spcgj-1	removed	创建时台账 + cleanup-owned-roots.jsonl；按确切目录删除并确认不存在
owned-inquiry-directory	/tmp/hey-my-buddy-inquiry/attempt-buddy-zcode-test-vkxabfrh-1	removed	创建时台账 + cleanup-owned-roots.jsonl；按确切目录删除并确认不存在
owned-inquiry-directory	/tmp/hey-my-buddy-inquiry/attempt-buddy-zcode-test-vkxabfrh-2	removed	创建时台账 + cleanup-owned-roots.jsonl；按确切目录删除并确认不存在
owned-inquiry-directory	/tmp/hey-my-buddy-inquiry/attempt-buddy-zcode-test-w6wi89d_-1	removed	创建时台账 + cleanup-owned-roots.jsonl；按确切目录删除并确认不存在
owned-inquiry-directory	/tmp/hey-my-buddy-inquiry/attempt-buddy-zcode-test-wl7uhask-1	removed	创建时台账 + cleanup-owned-roots.jsonl；按确切目录删除并确认不存在
owned-inquiry-directory	/tmp/hey-my-buddy-inquiry/attempt-buddy-zcode-test-xmfabipv-1	removed	创建时台账 + cleanup-owned-roots.jsonl；按确切目录删除并确认不存在
owned-inquiry-directory	/tmp/hey-my-buddy-inquiry/attempt-buddy-zcode-test-ym2xo582-1	removed	创建时台账 + cleanup-owned-roots.jsonl；按确切目录删除并确认不存在
owned-inquiry-directory	/tmp/hey-my-buddy-inquiry/attempt-buddy-zcode-test-yp090oue-1	removed	创建时台账 + cleanup-owned-roots.jsonl；按确切目录删除并确认不存在
task-root	/private/tmp/a252p-_p2_ihkl	removed	创建时台账 + cleanup-owned-roots.jsonl；按确切目录删除并确认不存在
task-root	/private/tmp/a252a-1yfl50kg	removed	创建时台账 + cleanup-owned-roots.jsonl；按确切目录删除并确认不存在
task-root	/private/tmp/a252b-6rregyhb	removed	创建时台账 + cleanup-owned-roots.jsonl；按确切目录删除并确认不存在
task-root	/private/tmp/a252c1-oqd9h9pj	removed	创建时台账 + cleanup-owned-roots.jsonl；按确切目录删除并确认不存在
task-root	/private/tmp/a252c2-jy5bpl7e	removed	创建时台账 + cleanup-owned-roots.jsonl；按确切目录删除并确认不存在
task-root	/private/tmp/a252d0-f_ed9mkp	removed	创建时台账 + cleanup-owned-roots.jsonl；按确切目录删除并确认不存在
task-root	/private/tmp/a252d-hdvsu84e	removed	创建时台账 + cleanup-owned-roots.jsonl；按确切目录删除并确认不存在
task-root	/private/tmp/a252h-b533khpq	removed	创建时台账 + cleanup-owned-roots.jsonl；按确切目录删除并确认不存在
managed-worktree 2p	~/.local/share/hey-my-buddy/state/workspaces/ws-d12bfeb1adb669e7a5513c966619d577/checkout	retained	黑板两次拒绝：unregistered-checkout；本机 Git 列表仍注册且目录存在，保留待处理
managed-worktree 2a	~/.local/share/hey-my-buddy/state/workspaces/ws-73eb09efef84a30182d203bf96b552f6/checkout	removed	黑板 applied/removed，实际路径不存在
managed-worktree 2b	~/.local/share/hey-my-buddy/state/workspaces/ws-16501d709689bf2c65f0154c7f1b4b96/checkout	removed	黑板 applied/removed，实际路径不存在
managed-worktree 2c1	~/.local/share/hey-my-buddy/state/workspaces/ws-c24332e2ab6b60838930e74a9edfbb9a/checkout	removed	黑板 applied/removed，实际路径不存在
managed-worktree 2c2	~/.local/share/hey-my-buddy/state/workspaces/ws-e363a8fbea39fd6b56b2ded64ab81277/checkout	removed	黑板 applied/removed，实际路径不存在
managed-worktree 2d	~/.local/share/hey-my-buddy/state/workspaces/ws-99756749d64d5acd0485af5951f2747f/checkout	removed	黑板 applied/removed，实际路径不存在
managed-worktree 2d0	~/.local/share/hey-my-buddy/state/workspaces/ws-e7d9be8a2791644aadcdbf340f3c3e4b/checkout	removed	黑板 applied/removed，实际路径不存在
