from_file	line	imported_module	category	kind
src/hey_my_buddy/blackboard/catalog/account_operations.py	12	hey_my_buddy.buddy.harnesses.account_native	blackboard->buddy	import
src/hey_my_buddy/blackboard/catalog/account_operations.py	13	hey_my_buddy.buddy.harnesses.base	blackboard->buddy	import
src/hey_my_buddy/blackboard/catalog/account_operations.py	70	hey_my_buddy.buddy.harnesses.runtime_selection	blackboard->buddy	import
src/hey_my_buddy/blackboard/catalog/accounts.py	152	hey_my_buddy.buddy.harnesses.account_integrations	blackboard->buddy	import
src/hey_my_buddy/blackboard/catalog/accounts.py	161	hey_my_buddy.buddy.harnesses.runtime_selection	blackboard->buddy	import
src/hey_my_buddy/blackboard/catalog/catalog.py	424	hey_my_buddy.buddy.harnesses.registry	blackboard->buddy	import
src/hey_my_buddy/blackboard/catalog/catalog.py	432	hey_my_buddy.buddy.harnesses.registry	blackboard->buddy	import
src/hey_my_buddy/blackboard/catalog/catalog.py	437	hey_my_buddy.buddy.harnesses.runtime_selection	blackboard->buddy	import
src/hey_my_buddy/blackboard/catalog/catalog.py	499	hey_my_buddy.buddy.harnesses.registry	blackboard->buddy	import
src/hey_my_buddy/blackboard/catalog/catalog.py	608	hey_my_buddy.buddy.harnesses.registry	blackboard->buddy	import
src/hey_my_buddy/blackboard/catalog/catalog_store.py	142	hey_my_buddy.buddy.harnesses.runtime_selection	blackboard->buddy	import
src/hey_my_buddy/blackboard/evaluation/evaluation.py	2597	hey_my_buddy.buddy.harnesses.registry	blackboard->buddy	import
src/hey_my_buddy/blackboard/routing/decision.py	142	hey_my_buddy.buddy.roles.router	blackboard->buddy	import
src/hey_my_buddy/blackboard/routing/decision.py	144	hey_my_buddy.buddy.harnesses.runtime_selection	blackboard->buddy	import
src/hey_my_buddy/blackboard/routing/router.py	150	hey_my_buddy.buddy.harnesses.registry	blackboard->buddy	import
src/hey_my_buddy/blackboard/routing/router.py	152	hey_my_buddy.buddy.harnesses.runtime_selection	blackboard->buddy	import
src/hey_my_buddy/blackboard/service/daemon.py	36	hey_my_buddy.buddy.runtime.worker	blackboard->buddy	import
src/hey_my_buddy/blackboard/service/harness_health.py	24	hey_my_buddy.buddy.harnesses.discovery	blackboard->buddy	import
src/hey_my_buddy/blackboard/service/harness_health.py	29	hey_my_buddy.buddy.harnesses.discovery	blackboard->buddy	import
src/hey_my_buddy/blackboard/service/harness_health.py	40	hey_my_buddy.buddy.harnesses.registry	blackboard->buddy	import
src/hey_my_buddy/blackboard/service/harness_health.py	194	hey_my_buddy.buddy.harnesses.runtime_selection	blackboard->buddy	import
src/hey_my_buddy/blackboard/service/harness_health.py	352	hey_my_buddy.buddy.harnesses.codex.account_probe	blackboard->buddy	import
src/hey_my_buddy/blackboard/service/live_registry.py	49	hey_my_buddy.buddy.harnesses.live	blackboard->buddy	import
src/hey_my_buddy/blackboard/service/service.py	23	hey_my_buddy.buddy.harnesses.registry	blackboard->buddy	import
src/hey_my_buddy/blackboard/service/service.py	183	hey_my_buddy.buddy.harnesses.runtime_selection	blackboard->buddy	import
src/hey_my_buddy/blackboard/service/service.py	289	hey_my_buddy.buddy.harnesses.c_two_live	blackboard->buddy	import
src/hey_my_buddy/blackboard/service/service.py	359	hey_my_buddy.buddy.harnesses.registry	blackboard->buddy	import
src/hey_my_buddy/blackboard/service/service.py	361	hey_my_buddy.buddy.harnesses.runtime_selection	blackboard->buddy	import
src/hey_my_buddy/blackboard/service/service.py	545	hey_my_buddy.buddy.harnesses.registry	blackboard->buddy	import
src/hey_my_buddy/blackboard/service/service.py	546	hey_my_buddy.buddy.harnesses.runtime_selection	blackboard->buddy	import
src/hey_my_buddy/blackboard/service/service.py	786	hey_my_buddy.buddy.harnesses.runtime_selection	blackboard->buddy	import
src/hey_my_buddy/blackboard/tasks/inquiry.py	21	hey_my_buddy.buddy.harnesses.live	blackboard->buddy	import
src/hey_my_buddy/blackboard/tasks/inquiry.py	53	hey_my_buddy.buddy.harnesses.registry	blackboard->buddy	import
src/hey_my_buddy/blackboard/tasks/inquiry.py	171	hey_my_buddy.buddy.harnesses.registry	blackboard->buddy	import
src/hey_my_buddy/blackboard/tasks/workflow.py	1087	hey_my_buddy.buddy.harnesses.registry	blackboard->buddy	import
src/hey_my_buddy/blackboard/tasks/workflow.py	5405	hey_my_buddy.buddy.roles.turn_io	blackboard->buddy	import
src/hey_my_buddy/blackboard/tasks/workflow.py	5528	hey_my_buddy.buddy.roles.turn_io	blackboard->buddy	import
src/hey_my_buddy/buddy/harnesses/account_integrations.py	32	hey_my_buddy.blackboard.catalog.accounts	buddy->blackboard	import
src/hey_my_buddy/buddy/harnesses/account_integrations.py	53	hey_my_buddy.blackboard.catalog.account_keystore	buddy->blackboard	import
src/hey_my_buddy/buddy/harnesses/account_native.py	21	hey_my_buddy.blackboard.store.db	buddy->blackboard	import
src/hey_my_buddy/buddy/harnesses/codex/account_probe.py	12	hey_my_buddy.blackboard.store.db	buddy->blackboard	import
src/hey_my_buddy/buddy/roles/router.py	10	hey_my_buddy.blackboard.routing.router	buddy->blackboard	import
src/hey_my_buddy/buddy/roles/router_input.py	11	hey_my_buddy.blackboard.tasks.workspace	buddy->blackboard	import
src/hey_my_buddy/buddy/roles/structured_call.py	114	hey_my_buddy.blackboard.catalog.accounts	buddy->blackboard	import
src/hey_my_buddy/buddy/roles/turn_io.py	174	hey_my_buddy.blackboard.tasks.workflow	buddy->blackboard	import
src/hey_my_buddy/buddy/roles/turn_io.py	271	hey_my_buddy.blackboard.tasks.workflow	buddy->blackboard	import
src/hey_my_buddy/buddy/runtime/partial_outputs.py	18	hey_my_buddy.blackboard.tasks.workflow	buddy->blackboard	import
src/hey_my_buddy/buddy/runtime/partial_outputs.py	43	hey_my_buddy.blackboard.tasks.workflow	buddy->blackboard	import
src/hey_my_buddy/buddy/runtime/worker.py	22	hey_my_buddy.blackboard.store.db	buddy->blackboard	import
src/hey_my_buddy/buddy/runtime/worker.py	606	hey_my_buddy.blackboard.service.harness_health	buddy->blackboard	import
src/hey_my_buddy/buddy/runtime/worker.py	659	hey_my_buddy.blackboard.routing.router	buddy->blackboard	import
src/hey_my_buddy/buddy/runtime/worker.py	696	hey_my_buddy.blackboard.catalog.accounts	buddy->blackboard	import
src/hey_my_buddy/protocol/billing.py	41	hey_my_buddy.blackboard.service.harness_health	protocol->blackboard	import
src/hey_my_buddy/protocol/examples/external_worker.py	25	hey_my_buddy.buddy.runtime.worker	protocol->buddy	import
src/hey_my_buddy/protocol/schemas.py	16	hey_my_buddy.blackboard.store.db	protocol->blackboard	import
src/hey_my_buddy/protocol/tool_evidence.py	19	hey_my_buddy.blackboard.store.db	protocol->blackboard	import
